1	QLocal		     34	    30	Count= 8 	200		
2	QLocal		     31	    29	Count= 1000 	200		
3	QLocal		     16	    15	Count= 767 	200		
4	QLocal		     27	    26	Count= 1000 	200		
5	QLocal		     12	    11	Count= 0 	200		
6	QLocal		     19	    18	Count= 28 	200		
7	QLocal		     15	    14	Count= 339 	200		
8	QLocal		     14	    12	Count= 1000 	200		
9	QLocal		     14	    13	Count= 233 	200		
10	QLocal		     11	    10	Count= 9 	200		
11	QLocal		     13	    12	Result=Q3633022 	200		
12	QLocal		     18	    16	Count= 988 	200		
13	QLocal		     13	    13	Count= 162 	200		
14	QLocal		     17	    16	Count= 1000 	200		
15	QLocal		     17	    16	Count= 3 	200		
16	QLocal		     12	    11	Count= 0 	200		
17	QLocal		     18	    17	Count= 53 	200		
18	QLocal		     18	    17	Count= 0 	200		
19	QLocal		     36	    35	Count= 877 	200		
20	QLocal		     14	    13	Count= 0 	200		
21	QLocal		     11	    10	Result=Q525 	200		
22	QLocal		     18	    17	Count= 116 	200		
23	QLocal		     14	    13	Count= 0 	200		
24	QLocal		     17	    16	Count= 48 	200		
25	QLocal		     18	    16	Count= 2 	200		
26	QLocal		     27	    26	Count= 1000 	200		
27	QLocal		     15	    14	Count= 6 	200		
28	QLocal		     10	     9	Count= 45 	200		
29	QLocal		     14	    13	Count= 1000 	200		
30	QLocal		     23	    22	Count= 1000 	200		
31	QLocal		     11	    10	Count= 2 	200		
32	QLocal		     11	     9	Count= 1000 	200		
33	QLocal		     21	    20	Count= 6 	200		
34	QLocal		     17	    16	Count= 1000 	200		
35	QLocal		     17	    16	Count= 729 	200		
36	QLocal		     22	    21	Count= 42 	200		
37	QLocal		     10	     9	Result=Q30148381 	200		
38	QLocal		     28	    27	Count= 4 	200		
39	QLocal		     15	    14	Count= 29 	200		
40	QLocal		     16	    15	Count= 7 	200		
41	QLocal		     22	    18	Count= 1000 	200		
42	QLocal		      6	     5	Count= 0 	200		
43	QLocal		      9	     8	Result=Q155 	200		
44	QLocal		     15	    14	Count= 1000 	200		
45	QLocal		     24	    23	Count= 1000 	200		
46	QLocal		     40	    39	Count= 0 	200		
47	QLocal		     16	    15	Count= 16 	200		
48	QLocal		     22	    20	Count= 1000 	200		
49	QLocal		     11	    10	Count= 1000 	200		
50	QLocal		     13	    12	Count= 37 	200		
51	QLocal		     16	    15	Count= 0 	200		
52	QLocal		     19	    18	Count= 0 	200		
53	QLocal		     21	    20	Result=Q17714 	200		
54	QLocal		     12	    11	Count= 0 	200		
55	QLocal		     18	    17	Count= 336 	200		
56	QLocal		     25	    24	Count= 0 	200		
57	QLocal		     20	    19	Count= 0 	200		
58	QLocal		     23	    22	Count= 0 	200		
59	QLocal		     24	    23	Count= 0 	200		
60	QLocal		     22	    20	Count= 1000 	200		
61	QLocal		     22	    21	Count= 0 	200		
62	QLocal		     17	    16	Result=Q4045698 	200		
63	QLocal		     17	    16	Count= 0 	200		
64	QLocal		     20	    19	Count= 1000 	200		
65	QLocal		     22	    21	Count= 12 	200		
66	QLocal		     26	    25	Count= 350 	200		
67	QLocal		     17	    15	Count= 1000 	200		
68	QLocal		     24	    22	Count= 98 	200		
69	QLocal		     44	    41	Count= 1000 	200		
70	QLocal		     25	    23	Count= 0 	200		
71	QLocal		     27	    25	Count= 3 	200		
72	QLocal		     14	    13	Count= 0 	200		
73	QLocal		     14	    12	Count= 183 	200		
74	QLocal		     27	    25	Count= 1000 	200		
75	QLocal		     24	    22	Count= 1000 	200		
76	QLocal		     17	    16	Count= 8 	200		
77	QLocal		     22	    20	Count= 42 	200		
78	QLocal		     17	    16	Count= 0 	200		
79	QLocal		     23	    22	Count= 10 	200		
80	QLocal		     24	    22	Count= 662 	200		
81	QLocal		     14	    12	Count= 0 	200		
82	QLocal		     20	    18	Count= 1000 	200		
83	QLocal		     18	    16	Count= 256 	200		
84	QLocal		     18	    17	Count= 1000 	200		
85	QLocal		     15	    14	Count= 14 	200		
86	QLocal		     21	    20	Count= 1000 	200		
87	QLocal		     12	    12	Count= 0 	200		
88	QLocal		     18	    16	Count= 13 	200		
89	QLocal		     39	    37	Count= 75 	200		
90	QLocal		     15	    14	Result=Q57500434 	200		
91	QLocal		     30	    29	Count= 28 	200		
92	QLocal		     30	    29	Count= 8 	200		
93	QLocal		     22	    21	Count= 66 	200		
94	QLocal		     16	    14	Count= 2 	200		
95	QLocal		     31	    30	Count= 344 	200		
96	QLocal		      9	     8	Count= 0 	200		
97	QLocal		     21	    20	Count= 0 	200		
98	QLocal		     13	    12	Count= 337 	200		
99	QLocal		     22	    21	Count= 1000 	200		
100	QLocal		     30	    29	Count= 10 	200		
101	QLocal		     10	     9	Count= 71 	200		
102	QLocal		      6	     5	Count= 142 	200		
103	QLocal		     17	    16	Count= 23 	200		
104	QLocal		      7	     6	Result=Q694219 	200		
105	QLocal		      7	     6	Count= 4 	200		
106	QLocal		     10	     9	Count= 63 	200		
107	QLocal		     11	     9	Count= 1000 	200		
108	QLocal		     14	    12	Count= 1000 	200		
109	QLocal		      7	     6	Count= 1000 	200		
110	QLocal		     11	    10	Count= 1000 	200		
111	QLocal		      8	     7	Count= 1000 	200		
112	QLocal		     12	    11	Count= 1000 	200		
113	QLocal		      9	     8	Count= 1000 	200		
114	QLocal		     11	    10	Result=Q9945064 	200		
115	QLocal		     10	     9	Count= 295 	200		
116	QLocal		      6	     4	Count= 1000 	200		
117	QLocal		      8	     7	Count= 6 	200		
118	QLocal		      7	     6	Count= 3 	200		
119	QLocal		     15	    14	Count= 1000 	200		
120	QLocal		     11	     9	Count= 1000 	200		
121	QLocal		      9	     8	Count= 64 	200		
122	QLocal		     12	    11	Count= 1000 	200		
123	QLocal		      7	     6	Count= 32 	200		
124	QLocal		     18	    17	Count= 23 	200		
125	QLocal		      7	     6	Count= 6 	200		
126	QLocal		     11	    10	Count= 1000 	200		
127	QLocal		      7	     6	Count= 0 	200		
128	QLocal		      7	     6	Count= 33 	200		
129	QLocal		      8	     7	Count= 276 	200		
130	QLocal		     12	    11	Count= 0 	200		
131	QLocal		      7	     6	Count= 1000 	200		
132	QLocal		      8	     8	Count= 4 	200		
133	QLocal		      8	     7	Count= 59 	200		
134	QLocal		     18	    17	Count= 139 	200		
135	QLocal		      9	     8	Count= 339 	200		
136	QLocal		      9	     8	Count= 0 	200		
137	QLocal		      7	     6	Count= 5 	200		
138	QLocal		      7	     7	Count= 47 	200		
139	QLocal		      9	     8	Count= 6 	200		
140	QLocal		     20	    18	Count= 1000 	200		
141	QLocal		      5	     3	Count= 297 	200		
142	QLocal		     15	    13	Count= 1000 	200		
143	QLocal		      3	     2	Count= 0 	200		
144	QLocal		      7	     6	Count= 1000 	200		
145	QLocal		      9	     8	Count= 20 	200		
146	QLocal		     10	     9	Count= 0 	200		
147	QLocal		      8	     7	Count= 1000 	200		
148	QLocal		      4	     3	Count= 0 	200		
149	QLocal		      7	     5	Count= 1000 	200		
150	QLocal		     12	    11	Count= 55 	200		
151	QLocal		     10	     9	Count= 119 	200		
152	QLocal		     15	    14	Result=Q22803914 	200		
153	QLocal		      9	     8	Count= 59 	200		
154	QLocal		      9	     7	Count= 1000 	200		
155	QLocal		      9	     9	Count= 3 	200		
156	QLocal		     13	    12	Count= 8 	200		
157	QLocal		     35	    34	Count= 183 	200		
158	QLocal		     19	    18	Count= 4 	200		
159	QLocal		     11	    10	Count= 336 	200		
160	QLocal		      7	     6	Count= 0 	200		
161	QLocal		     10	     8	Count= 1000 	200		
162	QLocal		     25	    23	Count= 35 	200		
163	QLocal		     11	    10	Count= 8 	200		
164	QLocal		      9	     8	Count= 0 	200		
165	QLocal		     21	    20	Count= 6 	200		
166	QLocal		      6	     5	Count= 0 	200		
167	QLocal		     11	    10	Result=Q58180730 	200		
168	QLocal		     15	    14	Count= 0 	200		
169	QLocal		      7	     6	Count= 268 	200		
170	QLocal		     28	    26	Count= 1000 	200		
171	QLocal		     10	     9	Count= 0 	200		
172	QLocal		     10	     9	Count= 41 	200		
173	QLocal		     14	    12	Count= 1000 	200		
174	QLocal		     20	    19	Count= 6 	200		
175	QLocal		     21	    19	Count= 1000 	200		
176	QLocal		     12	    10	Count= 1000 	200		
177	QLocal		     19	    18	Count= 742 	200		
178	QLocal		     34	    31	Count= 1000 	200		
179	QLocal		      9	     8	Count= 0 	200		
180	QLocal		     23	    21	Count= 10 	200		
181	QLocal		     21	    19	Count= 1000 	200		
182	QLocal		      9	     8	Count= 0 	200		
183	QLocal		     20	    18	Count= 1000 	200		
184	QLocal		     10	     9	Result=Q47089258 	200		
185	QLocal		     16	    15	Count= 24 	200		
186	QLocal		     20	    19	Count= 0 	200		
187	QLocal		      8	     7	Count= 357 	200		
188	QLocal		     21	    19	Count= 1000 	200		
189	QLocal		     11	    10	Result=Q15958643 	200		
190	QLocal		      7	     6	Count= 3 	200		
191	QLocal		     10	     9	Count= 163 	200		
192	QLocal		     24	    22	Count= 1000 	200		
193	QLocal		     14	    13	Count= 51 	200		
194	QLocal		     11	    10	Count= 148 	200		
195	QLocal		     30	    28	Count= 643 	200		
196	QLocal		     28	    27	Count= 57 	200		
197	QLocal		     21	    20	Count= 8 	200		
198	QLocal		      7	     6	Count= 47 	200		
199	QLocal		     19	    17	Count= 1000 	200		
200	QLocal		     10	     9	Count= 207 	200		
201	QLocal		     34	    33	Count= 433 	200		
202	QLocal		     20	    19	Count= 0 	200		
203	QLocal		     51	    49	Count= 3 	200		
204	QLocal		     19	    17	Count= 34 	200		
205	QLocal		     22	    21	Count= 2 	200		
206	QLocal		     27	    25	Count= 193 	200		
207	QLocal		     19	    18	Count= 0 	200		
208	QLocal		      6	     5	Count= 0 	200		
209	QLocal		     11	    10	Count= 0 	200		
210	QLocal		     34	    32	Count= 524 	200		
211	QLocal		     37	    35	Count= 186 	200		
212	QLocal		     14	    13	Count= 48 	200		
213	QLocal		     19	    18	Count= 3 	200		
214	QLocal		     14	    13	Result=Q20092399 	200		
215	QLocal		     16	    14	Count= 57 	200		
216	QLocal		     13	    12	Count= 6 	200		
217	QLocal		     27	    25	Count= 27 	200		
218	QLocal		     19	    18	Count= 0 	200		
219	QLocal		     16	    14	Count= 1000 	200		
220	QLocal		     16	    14	Count= 899 	200		
221	QLocal		     13	    12	Result=Q3399391 	200		
222	QLocal		     15	    14	Count= 283 	200		
223	QLocal		     35	    34	Count= 32 	200		
224	QLocal		     16	    14	Count= 946 	200		
225	QLocal		     11	    10	Count= 18 	200		
226	QLocal		     13	    12	Count= 2 	200		
227	QLocal		     14	    13	Result=Q7898372 	200		
228	QLocal		     11	     9	Count= 692 	200		
229	QLocal		     18	    17	Result=Q13743333 	200		
230	QLocal		     17	    16	Count= 2 	200		
231	QLocal		      6	     5	Count= 0 	200		
232	QLocal		     28	    27	Count= 87 	200		
233	QLocal		     26	    25	Count= 0 	200		
234	QLocal		     12	    11	Count= 4 	200		
235	QLocal		     12	    11	Count= 41 	200		
236	QLocal		     11	    10	Count= 1000 	200		
237	QLocal		      7	     6	Count= 0 	200		
238	QLocal		     10	     9	Count= 7 	200		
239	QLocal		      9	     8	Count= 24 	200		
240	QLocal		     16	    15	Count= 7 	200		
241	QLocal		     13	    12	Result=Q1134000 	200		
242	QLocal		     35	    32	Count= 1000 	200		
243	QLocal		     11	    10	Count= 47 	200		
244	QLocal		     23	    22	Count= 5 	200		
245	QLocal		     15	    14	Count= 1000 	200		
246	QLocal		     23	    22	Count= 0 	200		
247	QLocal		     27	    26	Count= 3 	200		
248	QLocal		     19	    18	Count= 5 	200		
249	QLocal		     20	    19	Count= 16 	200		
250	QLocal		     24	    22	Count= 1000 	200		
251	QLocal		     26	    24	Count= 31 	200		
252	QLocal		     60	    58	Count= 7 	200		
253	QLocal		     31	    30	Count= 0 	200		
254	QLocal		     23	    22	Count= 0 	200		
255	QLocal		     13	    12	Result=Q19637076 	200		
256	QLocal		     24	    22	Count= 618 	200		
257	QLocal		     17	    16	Count= 16 	200		
258	QLocal		     11	    10	Count= 31 	200		
259	QLocal		     14	    13	Count= 7 	200		
260	QLocal		     13	    12	Count= 0 	200		
261	QLocal		     24	    23	Result=Q5705 	200		
262	QLocal		     16	    15	Count= 0 	200		
263	QLocal		     21	    20	Count= 62 	200		
264	QLocal		     12	    10	Count= 10 	200		
265	QLocal		     10	     9	Count= 0 	200		
266	QLocal		     16	    15	Count= 0 	200		
267	QLocal		     13	    12	Count= 140 	200		
268	QLocal		     12	    12	Count= 10 	200		
269	QLocal		     48	    46	Count= 99 	200		
270	QLocal		     21	    19	Result=Q994 	200		
271	QLocal		     16	    15	Result=Q1923858 	200		
272	QLocal		     61	    59	Count= 4 	200		
273	QLocal		     16	    14	Count= 9 	200		
274	QLocal		     13	    12	Count= 0 	200		
275	QLocal		     13	    12	Count= 12 	200		
276	QLocal		     26	    24	Count= 0 	200		
277	QLocal		     21	    19	Count= 8 	200		
278	QLocal		     23	    21	Count= 0 	200		
279	QLocal		     30	    29	Count= 17 	200		
280	QLocal		     16	    15	Count= 3 	200		
281	QLocal		     28	    27	Result=Q44683 	200		
282	QLocal		     15	    14	Count= 94 	200		
283	QLocal		     19	    18	Count= 2 	200		
284	QLocal		     16	    15	Result=Q22690049 	200		
285	QLocal		      8	     7	Count= 0 	200		
286	QLocal		     39	    38	Count= 311 	200		
287	QLocal		     15	    13	Result=Q41222493 	200		
288	QLocal		     17	    16	Count= 2 	200		
289	QLocal		     15	    14	Count= 21 	200		
290	QLocal		     27	    26	Count= 3 	200		
291	QLocal		     11	     9	Result=Q39619 	200		
292	QLocal		     16	    14	Count= 27 	200		
293	QLocal		     10	     9	Count= 10 	200		
294	QLocal		     36	    35	Count= 8 	200		
295	QLocal		     19	    18	Count= 8 	200		
296	QLocal		     16	    15	Count= 0 	200		
297	QLocal		     30	    28	Count= 259 	200		
298	QLocal		     16	    15	Result=Q6477645 	200		
299	QLocal		     13	    11	Result=Q29049457 	200		
300	QLocal		    278	   276	Count= 200 	200		
301	QLocal		     23	    21	Count= 0 	200		
302	QLocal		     19	    18	Count= 29 	200		
303	QLocal		     27	    26	Count= 32 	200		
304	QLocal		     22	    20	Count= 2 	200		
305	QLocal		     22	    21	Count= 94 	200		
306	QLocal		     25	    23	Count= 2 	200		
307	QLocal		    102	   100	Count= 5 	200		
308	QLocal		     23	    21	Result=Q15497263 	200		
309	QLocal		     18	    17	Count= 5 	200		
310	QLocal		     25	    24	Count= 21 	200		
311	QLocal		     22	    20	Result=Q15300427 	200		
312	QLocal		     22	    21	Count= 0 	200		
313	QLocal		     27	    26	Result=Q53512672 	200		
314	QLocal		     11	     9	Count= 155 	200		
315	QLocal		     23	    22	Count= 0 	200		
316	QLocal		     38	    37	Count= 0 	200		
317	QLocal		     23	    22	Count= 2 	200		
318	QLocal		      9	     8	Count= 0 	200		
319	QLocal		     21	    19	Count= 1000 	200		
320	QLocal		     26	    25	Count= 199 	200		
321	QLocal		      7	     6	Count= 0 	200		
322	QLocal		      9	     8	Result=Q1407 	200		
323	QLocal		     12	    11	Result=Q393137 	200		
324	QLocal		     19	    18	Count= 5 	200		
325	QLocal		     24	    23	Count= 4 	200		
326	QLocal		     16	    15	Count= 3 	200		
327	QLocal		     13	    12	Result=Q194136 	200		
328	QLocal		     28	    27	Result=Q10721331 	200		
329	QLocal		     22	    21	Count= 5 	200		
330	QLocal		     17	    15	Count= 13 	200		
331	QLocal		     20	    19	Count= 38 	200		
332	QLocal		     20	    19	Count= 6 	200		
333	QLocal		     19	    17	Count= 26 	200		
334	QLocal		     31	    30	Count= 13 	200		
335	QLocal		     14	    13	Result=Q219293 	200		
336	QLocal		     17	    15	Result=Q20747295 	200		
337	QLocal		     29	    28	Count= 2 	200		
338	QLocal		     16	    15	Count= 0 	200		
339	QLocal		     12	    10	Result=Q9409 	200		
340	QLocal		     13	    12	Result=Q133600 	200		
341	QLocal		     17	    16	Count= 10 	200		
342	QLocal		     16	    15	Count= 0 	200		
343	QLocal		     13	    12	Count= 2 	200		
344	QLocal		     25	    25	Count= 0 	200		
345	QLocal		      8	     7	Count= 0 	200		
346	QLocal		     14	    13	Count= 11 	200		
347	QLocal		     24	    22	Result=Q694077 	200		
348	QLocal		     38	    37	Count= 4 	200		
349	QLocal		    214	   213	Count= 0 	200		
350	QLocal		     31	    28	Count= 867 	200		
351	QLocal		     18	    17	Count= 5 	200		
352	QLocal		     17	    16	Result=P5314 	200		
353	QLocal		     14	    13	Count= 3 	200		
354	QLocal		     14	    12	Count= 785 	200		
355	QLocal		     44	    42	Count= 408 	200		
356	QLocal		     25	    23	Count= 71 	200		
357	QLocal		     19	    18	Result=Q18338206 	200		
358	QLocal		     21	    20	Count= 175 	200		
359	QLocal		     12	    11	Count= 0 	200		
360	QLocal		     22	    21	Count= 37 	200		
361	QLocal		     26	    24	Count= 0 	200		
362	QLocal		      9	     8	Count= 72 	200		
363	QLocal		     27	    25	Count= 1000 	200		
364	QLocal		     12	    10	Count= 5 	200		
365	QLocal		     22	    21	Count= 0 	200		
366	QLocal		     11	    10	Count= 0 	200		
367	QLocal		     14	    13	Result=Q499451 	200		
368	QLocal		     17	    16	Count= 0 	200		
369	QLocal		     12	    11	Count= 0 	200		
370	QLocal		     14	    13	Result=Q50231004 	200		
371	QLocal		      8	     7	Count= 0 	200		
372	QLocal		    112	   110	Count= 3 	200		
373	QLocal		     28	    26	Count= 605 	200		
374	QLocal		     15	    14	Count= 0 	200		
375	QLocal		     40	    39	Result=Q18172664 	200		
376	QLocal		     39	    37	Count= 2 	200		
377	QLocal		     23	    22	Count= 300 	200		
378	QLocal		     14	    12	Count= 6 	200		
379	QLocal		     29	    27	Count= 0 	200		
380	QLocal		     18	    17	Result=Q27928469 	200		
381	QLocal		     11	    10	Count= 0 	200		
382	QLocal		      5	     4	Count= 0 	200		
383	QLocal		     17	    16	Count= 3 	200		
384	QLocal		     31	    30	Count= 43 	200		
385	QLocal		     29	    28	Count= 70 	200		
386	QLocal		     12	    11	Count= 4 	200		
387	QLocal		     15	    13	Count= 0 	200		
388	QLocal		     12	    11	Count= 8 	200		
389	QLocal		     14	    13	Count= 0 	200		
390	QLocal		     14	    13	Result=Q3336121 	200		
391	QLocal		     33	    32	Count= 300 	200		
392	QLocal		     18	    17	Count= 6 	200		
393	QLocal		     59	    58	Result=Q50362461 	200		
394	QLocal		     14	    12	Count= 0 	200		
395	QLocal		     14	    13	Count= 72 	200		
396	QLocal		     22	    21	Count= 0 	200		
397	QLocal		      9	     9	Count= 0 	200		
398	QLocal		     12	    11	Count= 16 	200		
399	QLocal		     16	    15	Result=Q34236 	200		
400	QLocal		     15	    14	Count= 5 	200		
401	QLocal		     29	    27	Count= 3 	200		
402	QLocal		     15	    14	Result=Q18680342 	200		
403	QLocal		     17	    16	Count= 0 	200		
404	QLocal		     27	    26	Count= 3 	200		
405	QLocal		     16	    15	Count= 0 	200		
406	QLocal		     25	    23	Result=Q3490819 	200		
407	QLocal		     14	    12	Count= 2 	200		
408	QLocal		     13	    12	Count= 3 	200		
409	QLocal		     23	    22	Result=Q329871 	200		
410	QLocal		     14	    13	Count= 2 	200		
411	QLocal		     27	    26	Result=Q106097127 	200		
412	QLocal		     49	    48	Count= 6 	200		
413	QLocal		     19	    18	Count= 0 	200		
414	QLocal		     18	    16	Count= 12 	200		
415	QLocal		     35	    33	Count= 8 	200		
416	QLocal		     27	    26	Count= 4 	200		
417	QLocal		     18	    16	Count= 0 	200		
418	QLocal		  16888	 16886	Count= 24 	200		
419	QLocal		     20	    19	Count= 10 	200		
420	QLocal		 135695	135693	Count= 6 	200		
421	QLocal		     18	    17	Count= 0 	200		
422	QLocal		     18	    17	Count= 0 	200		
423	QLocal		     12	    11	Count= 0 	200		
424	QLocal		     11	    10	Count= 0 	200		
425	QLocal		     19	    18	Count= 0 	200		
426	QLocal		     23	    22	Result=Q1935564 	200		
427	QLocal		     22	    21	Count= 4 	200		
428	QLocal		     44	    42	Count= 0 	200		
429	QLocal		     18	    16	Result=Q1200974 	200		
430	QLocal		     12	    11	Count= 3 	200		
431	QLocal		     16	    15	Count= 0 	200		
432	QLocal		     18	    18	Result=Q54856362 	200		
433	QLocal		     13	    12	Count= 3 	200		
434	QLocal		     15	    14	Count= 2 	200		
435	QLocal		     15	    14	Count= 13 	200		
436	QLocal		     19	    18	Result=Q52386063 	200		
437	QLocal		     15	    14	Count= 2 	200		
438	QLocal		     18	    17	Count= 59 	200		
439	QLocal		     22	    21	Result=Q25406657 	200		
440	QLocal		     14	    13	Count= 0 	200		
441	QLocal		     19	    18	Count= 0 	200		
442	QLocal		     17	    16	Count= 2 	200		
443	QLocal		     13	    11	Count= 0 	200		
444	QLocal		     14	    13	Count= 2 	200		
445	QLocal		     12	    11	Count= 412 	200		
446	QLocal		     17	    16	Count= 2 	200		
447	QLocal		     14	    13	Count= 12 	200		
448	QLocal		     48	    47	Count= 0 	200		
449	QLocal		     41	    39	Count= 4 	200		
450	QLocal		     38	    36	Count= 28 	200		
451	QLocal		     10	     7	Count= 1000 	200		
452	QLocal		     10	     8	Count= 1000 	200		
453	QLocal		      8	     7	Count= 16 	200		
454	QLocal		     11	    10	Count= 30 	200		
455	QLocal		      8	     7	Count= 3 	200		
456	QLocal		     11	    10	Count= 38 	200		
457	QLocal		     18	    17	Count= 1000 	200		
458	QLocal		      4	     3	Count= 4 	200		
459	QLocal		      7	     6	Count= 62 	200		
460	QLocal		     13	    12	Count= 1000 	200		
461	QLocal		     14	    13	Count= 1000 	200		
462	QLocal		     10	     9	Count= 89 	200		
463	QLocal		      5	     4	Count= 9 	200		
464	QLocal		      6	     5	Result=Q276280 	200		
465	QLocal		      9	     9	Count= 24 	200		
466	QLocal		      5	     4	Count= 33 	200		
467	QLocal		      9	     8	Count= 653 	200		
468	QLocal		     10	     9	Count= 541 	200		
469	QLocal		      6	     5	Count= 140 	200		
470	QLocal		     13	    12	Result=Q21171908 	200		
471	QLocal		      8	     7	Count= 2 	200		
472	QLocal		      7	     6	Result=Q27269615 	200		
473	QLocal		     17	    14	Count= 1000 	200		
474	QLocal		      7	     6	Count= 4 	200		
475	QLocal		     26	    24	Count= 985 	200		
476	QLocal		     13	    12	Count= 39 	200		
477	QLocal		      5	     4	Count= 3 	200		
478	QLocal		     14	    13	Count= 279 	200		
479	QLocal		      6	     5	Count= 33 	200		
480	QLocal		      8	     7	Count= 593 	200		
481	QLocal		     14	    12	Count= 1000 	200		
482	QLocal		     10	     9	Count= 5 	200		
483	QLocal		      7	     6	Count= 4 	200		
484	QLocal		      5	     4	Count= 16 	200		
485	QLocal		      4	     4	Count= 3 	200		
486	QLocal		      9	     9	Count= 3 	200		
487	QLocal		     16	    15	Count= 492 	200		
488	QLocal		     10	     9	Count= 506 	200		
489	QLocal		      9	     8	Count= 9 	200		
490	QLocal		      6	     5	Count= 14 	200		
491	QLocal		     10	     9	Count= 562 	200		
492	QLocal		      6	     5	Count= 108 	200		
493	QLocal		      9	     8	Count= 2 	200		
494	QLocal		      9	     9	Count= 4 	200		
495	QLocal		     10	     8	Count= 522 	200		
496	QLocal		      7	     6	Count= 2 	200		
497	QLocal		      1	     0	Count= 0 	200		
498	QLocal		      7	     6	Count= 3 	200		
499	QLocal		     11	    10	Count= 1000 	200		
500	QLocal		     11	    10	Count= 1000 	200		
501	QLocal		     14	    13	Count= 9 	200		
502	QLocal		      8	     7	Count= 4 	200		
503	QLocal		      5	     4	Count= 16 	200		
504	QLocal		      9	     9	Count= 4 	200		
505	QLocal		     26	    23	Count= 1000 	200		
506	QLocal		     26	    25	Count= 172 	200		
507	QLocal		     12	    10	Count= 27 	200		
508	QLocal		     12	    11	Result=Q133125 	200		
509	QLocal		     10	     9	Count= 0 	200		
510	QLocal		     13	    12	Count= 136 	200		
511	QLocal		     14	    13	Count= 3 	200		
512	QLocal		     10	     9	Count= 5 	200		
513	QLocal		      7	     6	Count= 0 	200		
514	QLocal		     20	    19	Count= 0 	200		
515	QLocal		      4	     3	Count= 0 	200		
516	QLocal		     18	    17	Count= 0 	200		
517	QLocal		     13	    12	Count= 13 	200		
518	QLocal		     18	    17	Result=Q956 	200		
519	QLocal		     15	    13	Result=Q725199 	200		
520	QLocal		     20	    18	Count= 1000 	200		
521	QLocal		     10	     9	Count= 38 	200		
522	QLocal		     12	    11	Count= 0 	200		
523	QLocal		      3	     2	Count= 0 	200		
524	QLocal		     10	     9	Count= 2 	200		
525	QLocal		      8	     7	Count= 7 	200		
526	QLocal		     13	    12	Count= 109 	200		
527	QLocal		      5	     4	Count= 3 	200		
528	QLocal		      4	     3	Count= 0 	200		
529	QLocal		      5	     4	Count= 4 	200		
530	QLocal		     17	    16	Count= 219 	200		
531	QLocal		     11	    11	Result=Q781890 	200		
532	QLocal		     13	    12	Count= 9 	200		
533	QLocal		     13	    12	Count= 2 	200		
534	QLocal		     14	    12	Count= 362 	200		
535	QLocal		     11	    10	Result=Q2114101 	200		
536	QLocal		     17	    16	Count= 237 	200		
537	QLocal		     14	    13	Count= 2 	200		
538	QLocal		      6	     5	Result=Q721013 	200		
539	QLocal		     14	    13	Count= 4 	200		
540	QLocal		     20	    19	Count= 249 	200		
541	QLocal		      9	     8	Count= 42 	200		
542	QLocal		     15	    14	Count= 3 	200		
543	QLocal		      8	     7	Result=Q381121 	200		
544	QLocal		      8	     8	Count= 44 	200		
545	QLocal		     14	    13	Count= 47 	200		
546	QLocal		     18	    17	Count= 172 	200		
547	QLocal		     12	    10	Count= 5 	200		
548	QLocal		     12	    11	Count= 122 	200		
549	QLocal		     11	    10	Count= 0 	200		
550	QLocal		     14	    13	Count= 40 	200		
551	QLocal		     10	     9	Count= 17 	200		
552	QLocal		     15	    14	Result=Q29516 	200		
553	QLocal		     13	    12	Count= 3 	200		
554	QLocal		     10	     9	Count= 20 	200		
555	QLocal		     10	     9	Count= 0 	200		
556	QLocal		     18	    17	Count= 2 	200		
557	QLocal		     14	    13	Count= 2 	200		
558	QLocal		     11	    11	Count= 2 	200		
559	QLocal		     15	    15	Count= 2 	200		
560	QLocal		     24	    22	Count= 1000 	200		
561	QLocal		     22	    21	Count= 143 	200		
562	QLocal		     16	    14	Count= 0 	200		
563	QLocal		     16	    15	Count= 217 	200		
564	QLocal		     21	    19	Count= 1000 	200		
565	QLocal		     17	    16	Count= 27 	200		
566	QLocal		     24	    22	Count= 2 	200		
567	QLocal		     32	    31	Count= 7 	200		
568	QLocal		     23	    22	Count= 33 	200		
569	QLocal		      8	     7	Count= 0 	200		
570	QLocal		     18	    17	Result=Q20985671 	200		
571	QLocal		      9	     8	Count= 0 	200		
572	QLocal		     15	    14	Count= 9 	200		
573	QLocal		     12	    11	Result=Q3396521 	200		
574	QLocal		     29	    27	Count= 1000 	200		
575	QLocal		     14	    13	Count= 10 	200		
576	QLocal		     13	    12	Count= 2 	200		
577	QLocal		     12	    12	Count= 26 	200		
578	QLocal		     12	    11	Result=Q15 	200		
579	QLocal		     21	    19	Result=Q3129310 	200		
580	QLocal		     13	    11	Count= 20 	200		
581	QLocal		     20	    19	Count= 0 	200		
582	QLocal		     28	    25	Count= 1000 	200		
583	QLocal		     10	     9	Result=Q8209 	200		
584	QLocal		     10	     9	Count= 13 	200		
585	QLocal		     12	    11	Result=Q285328 	200		
586	QLocal		     16	    15	Count= 49 	200		
587	QLocal		     19	    18	Count= 8 	200		
588	QLocal		      9	     8	Count= 24 	200		
589	QLocal		     22	    21	Result=Q1525597 	200		
590	QLocal		     24	    23	Count= 4 	200		
591	QLocal		     20	    19	Count= 18 	200		
592	QLocal		     12	    11	Count= 0 	200		
593	QLocal		     17	    16	Count= 9 	200		
594	QLocal		     12	    11	Count= 2 	200		
595	QLocal		      9	     8	Count= 8 	200		
596	QLocal		     24	    23	Count= 3 	200		
597	QLocal		     12	    11	Count= 245 	200		
598	QLocal		      9	     8	Count= 2 	200		
599	QLocal		     10	     9	Count= 3 	200		
600	QLocal		      9	     8	Count= 10 	200		
601	QLocal		      9	     9	Count= 183 	200		
602	QLocal		     14	    13	Count= 534 	200		
603	QLocal		      7	     6	Count= 9 	200		
604	QLocal		      7	     7	Count= 0 	200		
605	QLocal		     10	     8	Count= 1000 	200		
606	QLocal		     10	     9	Count= 96 	200		
607	QLocal		     11	    10	Count= 1000 	200		
608	QLocal		     10	     9	Count= 110 	200		
609	QLocal		      8	     7	Count= 26 	200		
610	QLocal		     14	    13	Count= 1000 	200		
611	QLocal		     10	     9	Count= 1000 	200		
612	QLocal		     11	     9	Count= 1000 	200		
613	QLocal		      8	     7	Count= 131 	200		
614	QLocal		      8	     7	Count= 32 	200		
615	QLocal		     11	    10	Count= 362 	200		
616	QLocal		      5	     4	Count= 2 	200		
617	QLocal		      9	     7	Count= 1000 	200		
618	QLocal		      9	     8	Result=Q107169277 	200		
619	QLocal		      7	     7	Count= 4 	200		
620	QLocal		      5	     4	Count= 3 	200		
621	QLocal		     11	    10	Count= 1000 	200		
622	QLocal		      7	     6	Count= 2 	200		
623	QLocal		     10	     9	Count= 0 	200		
624	QLocal		      6	     6	Count= 0 	200		
625	QLocal		     16	    14	Count= 1000 	200		
626	QLocal		      9	     8	Count= 5 	200		
627	QLocal		     12	    11	Count= 1000 	200		
628	QLocal		      6	     5	Count= 38 	200		
629	QLocal		    191	   189	Count= 1000 	200		
630	QLocal		    182	   180	Count= 1000 	200		
631	QLocal		      5	     4	Count= 10 	200		
632	QLocal		      6	     5	Count= 290 	200		
633	QLocal		      7	     6	Count= 21 	200		
634	QLocal		     14	    12	Count= 1000 	200		
635	QLocal		     10	     9	Count= 535 	200		
636	QLocal		      5	     4	Count= 5 	200		
637	QLocal		     11	    10	Count= 842 	200		
638	QLocal		      9	     8	Count= 1000 	200		
639	QLocal		      7	     6	Count= 0 	200		
640	QLocal		     11	    10	Count= 1000 	200		
641	QLocal		      9	     8	Count= 1000 	200		
642	QLocal		      9	     8	Count= 530 	200		
643	QLocal		      9	     8	Count= 695 	200		
644	QLocal		      7	     5	Count= 1000 	200		
645	QLocal		      9	     8	Count= 0 	200		
646	QLocal		     13	    12	Count= 1000 	200		
647	QLocal		      9	     7	Count= 239 	200		
648	QLocal		      7	     6	Count= 1000 	200		
649	QLocal		      7	     6	Count= 90 	200		
650	QLocal		      9	     7	Count= 1000 	200		
651	QLocal		     12	    11	Count= 6 	200		
652	QLocal		      9	     7	Count= 1000 	200		
653	QLocal		     14	    13	Count= 1000 	200		
654	QLocal		     16	    15	Count= 1000 	200		
655	QLocal		     14	    13	Count= 428 	200		
656	QLocal		      8	     7	Count= 53 	200		
657	QLocal		      9	     8	Count= 0 	200		
658	QLocal		     11	    11	Count= 2 	200		
659	QLocal		     14	    13	Result=Q55593948 	200		
660	QLocal		     11	    10	Count= 0 	200		
661	QLocal		     12	    10	Count= 1000 	200		
662	QLocal		      9	     8	Count= 33 	200		
663	QLocal		      7	     6	Count= 2 	200		
664	QLocal		      7	     6	Count= 0 	200		
665	QLocal		     11	    11	Count= 4 	200		
666	QLocal		     13	    12	Result=Q117714194 	200		
667	QLocal		     12	    12	Count= 187 	200		
668	QLocal		     11	    10	Count= 31 	200		
669	QLocal		      8	     7	Count= 0 	200		
670	QLocal		     13	    12	Count= 1000 	200		
671	QLocal		      8	     7	Result=Q12649 	200		
672	QLocal		     15	    14	Count= 1000 	200		
673	QLocal		     15	    14	Count= 618 	200		
674	QLocal		     11	    10	Count= 108 	200		
675	QLocal		     23	    20	Count= 1000 	200		
676	QLocal		      8	     6	Count= 13 	200		
677	QLocal		     33	    32	Result=Q21293603 	200		
678	QLocal		     12	    11	Count= 4 	200		
679	QLocal		     11	    10	Count= 11 	200		
680	QLocal		     11	    10	Count= 42 	200		
681	QLocal		      9	     8	Count= 2 	200		
682	QLocal		     18	    16	Count= 1000 	200		
683	QLocal		     10	     9	Count= 4 	200		
684	QLocal		     12	    11	Count= 1000 	200		
685	QLocal		      9	     8	Count= 408 	200		
686	QLocal		      5	     4	Count= 0 	200		
687	QLocal		     13	    12	Count= 14 	200		
688	QLocal		     13	    12	Count= 6 	200		
689	QLocal		      4	     3	Count= 0 	200		
690	QLocal		     14	    12	Count= 1000 	200		
691	QLocal		     17	    15	Count= 760 	200		
692	QLocal		      9	     8	Count= 439 	200		
693	QLocal		    107	   105	Count= 1000 	200		
694	QLocal		      9	     8	Count= 0 	200		
695	QLocal		      8	     7	Count= 4 	200		
696	QLocal		     11	    10	Count= 654 	200		
697	QLocal		     10	     9	Count= 7 	200		
698	QLocal		     11	    10	Count= 45 	200		
699	QLocal		     13	    11	Count= 1000 	200		
700	QLocal		      9	     8	Count= 72 	200		
701	QLocal		     12	    11	Count= 0 	200		
702	QLocal		     13	    12	Result=Q675726 	200		
703	QLocal		     13	    12	Count= 19 	200		
704	QLocal		     11	    10	Result=Q167646 	200		
705	QLocal		     12	    11	Count= 25 	200		
706	QLocal		     16	    15	Count= 4 	200		
707	QLocal		     18	    17	Result=Q56284414 	200		
708	QLocal		     21	    20	Count= 453 	200		
709	QLocal		     17	    16	Count= 3 	200		
710	QLocal		     17	    16	Count= 0 	200		
711	QLocal		     18	    17	Count= 39 	200		
712	QLocal		     10	     9	Count= 6 	200		
713	QLocal		     10	     9	Count= 12 	200		
714	QLocal		     14	    13	Count= 21 	200		
715	QLocal		     10	    10	Count= 5 	200		
716	QLocal		     14	    13	Count= 0 	200		
717	QLocal		     11	    11	Count= 20 	200		
718	QLocal		     11	    10	Count= 32 	200		
719	QLocal		     18	    17	Result=Q21264615 	200		
720	QLocal		     16	    14	Count= 641 	200		
721	QLocal		     27	    26	Count= 218 	200		
722	QLocal		     12	    11	Result=Q16328520 	200		
723	QLocal		     26	    23	Count= 1000 	200		
724	QLocal		     14	    13	Result=Q180727 	200		
725	QLocal		     15	    14	Count= 1000 	200		
726	QLocal		     35	    34	Count= 0 	200		
727	QLocal		     11	     9	Result=Q476624 	200		
728	QLocal		     14	    13	Count= 0 	200		
729	QLocal		     10	     9	Count= 0 	200		
730	QLocal		     19	    18	Count= 186 	200		
731	QLocal		     18	    17	Count= 294 	200		
732	QLocal		     12	    11	Count= 3 	200		
733	QLocal		    260	   259	Count= 24 	200		
734	QLocal		     14	    13	Count= 70 	200		
735	QLocal		     11	    10	Count= 0 	200		
736	QLocal		     13	    12	Count= 36 	200		
737	QLocal		     18	    17	Count= 159 	200		
738	QLocal		     27	    25	Count= 1000 	200		
739	QLocal		     15	    14	Count= 20 	200		
740	QLocal		      8	     7	Result=Q55685851 	200		
741	QLocal		     15	    14	Count= 48 	200		
742	QLocal		     10	     9	Result=Q186304 	200		
743	QLocal		     12	    11	Result=Q704257 	200		
744	QLocal		     12	    12	Count= 31 	200		
745	QLocal		     12	    10	Count= 684 	200		
746	QLocal		     15	    13	Count= 582 	200		
747	QLocal		     16	    15	Count= 254 	200		
748	QLocal		     19	    18	Count= 0 	200		
749	QLocal		     10	     9	Count= 168 	200		
750	QLocal		     12	    11	Count= 8 	200		
751	QLocal		     46	    44	Count= 90 	200		
752	QLocal		     11	    10	Count= 2 	200		
753	QLocal		     40	    38	Count= 8 	200		
754	QLocal		     21	    19	Count= 13 	200		
755	QLocal		     16	    15	Count= 3 	200		
756	QLocal		     24	    23	Count= 13 	200		
757	QLocal		     41	    39	Count= 0 	200		
758	QLocal		     24	    22	Count= 41 	200		
759	QLocal		     12	    10	Count= 16 	200		
760	QLocal		    132	   131	Result=Q49108 	200		
761	QLocal		     21	    19	Result=Q9199 	200		
762	QLocal		     90	    88	Count= 199 	200		
763	QLocal		     21	    19	Count= 5 	200		
764	QLocal		     32	    30	Count= 5 	200		
765	QLocal		     18	    16	Count= 36 	200		
766	QLocal		     17	    16	Count= 3 	200		
767	QLocal		     12	    11	Count= 173 	200		
768	QLocal		     11	    10	Count= 6 	200		
769	QLocal		     27	    26	Count= 0 	200		
770	QLocal		     13	    12	Count= 0 	200		
771	QLocal		     11	    10	Count= 2 	200		
772	QLocal		      8	     7	Count= 6 	200		
773	QLocal		     24	    22	Result=Q289129 	200		
774	QLocal		     12	    10	Count= 17 	200		
775	QLocal		     11	     9	Count= 16 	200		
776	QLocal		     12	    11	Count= 18 	200		
777	QLocal		     11	    10	Count= 0 	200		
778	QLocal		      7	     6	Result=Q315 	200		
779	QLocal		     25	    23	Count= 186 	200		
780	QLocal		     11	    10	Count= 10 	200		
781	QLocal		     25	    24	Count= 49 	200		
782	QLocal		     27	    25	Count= 555 	200		
783	QLocal		     10	     8	Result=Q33319333 	200		
784	QLocal		     10	     9	Count= 4 	200		
785	QLocal		     10	     9	Result=Q3437 	200		
786	QLocal		     16	    15	Count= 3 	200		
787	QLocal		      9	     8	Count= 0 	200		
788	QLocal		     12	    11	Result=Q5776950 	200		
789	QLocal		     13	    12	Count= 15 	200		
790	QLocal		      9	     8	Result=Q4391019 	200		
791	QLocal		     23	    22	Count= 3 	200		
792	QLocal		     12	    11	Count= 22 	200		
793	QLocal		      7	     5	Count= 3 	200		
794	QLocal		     11	    10	Result=Q125861752 	200		
795	QLocal		     16	    14	Count= 8 	200		
796	QLocal		     11	    10	Count= 0 	200		
797	QLocal		     10	     9	Count= 0 	200		
798	QLocal		      6	     5	Result=Q4391019 	200		
799	QLocal		     11	    10	Count= 0 	200		
800	QLocal		     11	    10	Count= 469 	200		
801	QLocal		      9	     8	Count= 5 	200		
802	QLocal		     16	    16	Result=Q118470 	200		
803	QLocal		     15	    14	Count= 2 	200		
804	QLocal		     14	    13	Count= 25 	200		
805	QLocal		     15	    14	Count= 11 	200		
806	QLocal		     30	    28	Count= 6 	200		
807	QLocal		     12	    10	Count= 11 	200		
808	QLocal		      8	     7	Count= 18 	200		
809	QLocal		     12	    11	Count= 18 	200		
810	QLocal		     29	    28	Result=Q3760542 	200		
811	QLocal		     11	    10	Count= 54 	200		
812	QLocal		     22	    21	Count= 128 	200		
813	QLocal		      7	     6	Result=Q47089258 	200		
814	QLocal		     11	     9	Count= 0 	200		
815	QLocal		     20	    18	Count= 20 	200		
816	QLocal		     10	     9	Count= 13 	200		
817	QLocal		     10	     9	Result=Q1422010 	200		
818	QLocal		     18	    17	Count= 5 	200		
819	QLocal		      6	     5	Count= 5 	200		
820	QLocal		     76	    75	Count= 7 	200		
821	QLocal		     24	    22	Count= 5 	200		
822	QLocal		      9	     7	Count= 37 	200		
823	QLocal		      6	     5	Count= 18 	200		
824	QLocal		     12	    11	Count= 3 	200		
825	QLocal		     20	    19	Count= 10 	200		
826	QLocal		     35	    33	Count= 19 	200		
827	QLocal		     10	     9	Count= 2 	200		
828	QLocal		     11	    10	Count= 433 	200		
829	QLocal		     19	    18	Count= 12 	200		
830	QLocal		     14	    13	Count= 8 	200		
831	QLocal		     11	    10	Result=Q829 	200		
832	QLocal		     16	    15	Result=Q21002644 	200		
833	QLocal		     15	    14	Count= 0 	200		
834	QLocal		     14	    13	Count= 60 	200		
835	QLocal		     13	    12	Count= 20 	200		
836	QLocal		     15	    14	Count= 529 	200		
837	QLocal		     12	    10	Count= 4 	200		
838	QLocal		     10	     9	Count= 3 	200		
839	QLocal		     15	    14	Count= 0 	200		
840	QLocal		     16	    14	Count= 116 	200		
841	QLocal		     22	    21	Count= 0 	200		
842	QLocal		     12	    11	Count= 2 	200		
843	QLocal		     11	    10	Result=Q248043 	200		
844	QLocal		      9	     9	Count= 15 	200		
845	QLocal		      5	     4	Count= 6 	200		
846	QLocal		      8	     8	Count= 18 	200		
847	QLocal		     10	    10	Count= 10 	200		
848	QLocal		      7	     7	Count= 0 	200		
849	QLocal		     11	    10	Count= 3 	200		
850	QLocal		     26	    25	Result=Q199654 	200		
